epoca,val_auc_roc,val_accuracy,perdida_discriminador,perdida_xerador,is_best
2,0.7415947474747473,0.4497435986995697,1.272945523262024,0.9439752101898193,1
4,0.7715550168350167,0.7570329904556274,1.1163722276687622,1.010123372077942,1
6,0.7557408585858586,0.4446520209312439,1.1904332637786865,1.1515307426452637,0
8,0.7670787946127946,0.4554944932460785,1.1225731372833252,1.2446985244750977,0
10,0.7677773872053871,0.7693406343460083,0.8568053245544434,1.5304316282272339,0
12,0.7705684444444445,0.44520145654678345,1.1568706035614014,1.211913824081421,0
14,0.7867243501683503,0.4779120981693268,1.129526138305664,1.2458616495132446,1
16,0.782283632996633,0.4795970618724823,1.1337387561798096,1.1310712099075317,0
18,0.7732156767676768,0.4561172127723694,1.0992828607559204,1.1708060503005981,0
20,0.7859152962962963,0.4525274634361267,1.0870459079742432,1.1754727363586426,0
22,0.7727782491582492,0.45644688606262207,1.0498192310333252,1.230211853981018,0
24,0.7975852121212121,0.44798535108566284,1.0938093662261963,1.1699292659759521,1
26,0.8022357171717172,0.457655668258667,1.0772005319595337,1.1978949308395386,1
28,0.8120721043771045,0.45413920283317566,1.0767253637313843,1.1872895956039429,1
30,0.8256433939393938,0.471208781003952,1.0479645729064941,1.189806342124939,1
32,0.833912606060606,0.5002930164337158,1.050092101097107,1.205676555633545,1
34,0.8369385824915825,0.4990842342376709,1.0381205081939697,1.225413203239441,1
36,0.8425321616161616,0.4998534917831421,1.0342919826507568,1.2294023036956787,1
38,0.8613411178451179,0.5266300439834595,0.9944613575935364,1.248450756072998,1
40,0.8651181717171719,0.526190459728241,1.0033724308013916,1.2534071207046509,1
42,0.8722747474747474,0.5327838659286499,0.9850746989250183,1.2596218585968018,1
44,0.8707675824915824,0.5322344303131104,0.9754398465156555,1.2912009954452515,0
46,0.8808433265993266,0.5407326221466064,0.9557743072509766,1.3414868116378784,1
48,0.8880668316498317,0.5442857146263123,0.9427851438522339,1.26838219165802,1
50,0.8853700202020202,0.5470329523086548,0.9557807445526123,1.312430739402771,0
52,0.8985508148148148,0.5455677509307861,0.9053084254264832,1.3587486743927002,1
54,0.8984749831649832,0.548864483833313,0.9125857353210449,1.3330087661743164,0
56,0.8913344747474746,0.5481318831443787,0.8797088861465454,1.3942443132400513,0
58,0.8903071212121212,0.5497069358825684,0.8774104118347168,1.3743988275527954,0
60,0.9118648956228956,0.5722710490226746,0.8305147886276245,1.4629390239715576,1
62,0.9071939494949495,0.5515750646591187,0.8633301258087158,1.418133020401001,0
64,0.9111685589225588,0.5516849756240845,0.8436597585678101,1.4312992095947266,0
66,0.9145392760942761,0.5552380681037903,0.8637908697128296,1.4186656475067139,1
68,0.906770898989899,0.5551648139953613,0.7687878012657166,1.574354887008667,0
70,0.9149707340067339,0.587875485420227,0.7743285894393921,1.5405305624008179,1
72,0.9147805185185185,0.5639194250106812,0.8120930790901184,1.451727271080017,0
74,0.9127362996632997,0.5712820291519165,0.7553332448005676,1.583853840827942,0
76,0.9193242222222223,0.6045787334442139,0.7268984317779541,1.684491753578186,1
78,0.9185468383838384,0.6139194369316101,0.7416179180145264,1.695552945137024,0
80,0.9050017104377105,0.6670696139335632,0.702629566192627,1.7305676937103271,0
82,0.9210876531986532,0.6310622692108154,0.6870744228363037,1.7532665729522705,1
84,0.9207352592592593,0.6397802233695984,0.6653085947036743,1.8127107620239258,0
86,0.9189906296296297,0.6539560556411743,0.6614974737167358,1.8009620904922485,0
88,0.9178082558922558,0.6838461756706238,0.7249090671539307,1.5939003229141235,0
90,0.9178440437710437,0.6251282095909119,0.6657817363739014,1.877294898033142,0
92,0.919642531986532,0.6951648592948914,0.6016067266464233,2.041884660720825,0
94,0.9224635993265994,0.8361538648605347,0.6376444101333618,1.8841484785079956,1
96,0.9255460774410774,0.8567765355110168,0.5625190734863281,2.261692762374878,1
98,0.9246574814814814,0.8426373600959778,0.60256427526474,2.046491861343384,0
100,0.9260973535353535,0.8506593704223633,0.6480417847633362,1.8470827341079712,1
102,0.9254760235690236,0.8624175786972046,0.5265843272209167,2.2484703063964844,0
104,0.9283866969696969,0.8627839088439941,0.6118564009666443,2.0183234214782715,1
106,0.9278393265993266,0.8770695924758911,0.46537917852401733,2.6683268547058105,0
108,0.9300006565656566,0.6989743709564209,0.7012715339660645,1.9930087327957153,1
110,0.9286613232323231,0.870659351348877,0.5426806211471558,2.1821768283843994,0
112,0.9311589494949495,0.8856043815612793,0.46238332986831665,2.460042715072632,1
114,0.9315287878787879,0.8847619295120239,0.44846993684768677,2.624281644821167,1
116,0.9275166767676767,0.8561171889305115,0.657598614692688,1.7364989519119263,0
118,0.9260727037037038,0.8679487109184265,0.5447602272033691,2.2740375995635986,0
120,0.932812505050505,0.8779853582382202,0.5147799849510193,2.304992914199829,1
122,0.9337876632996631,0.8971428275108337,0.38917815685272217,3.3174855709075928,1
124,0.9221852087542087,0.8442124724388123,0.5712883472442627,2.2153878211975098,0
126,0.9336142962962963,0.8857875466346741,0.674129843711853,1.9139188528060913,0
128,0.9306020202020202,0.8632600903511047,0.5546385049819946,2.2140183448791504,0
130,0.9325234175084176,0.8851282000541687,0.4781233072280884,2.4969024658203125,0
132,0.9362577811447811,0.8863736391067505,0.45171862840652466,3.177119493484497,1
134,0.9353938215488216,0.9001465439796448,0.39760661125183105,3.112591505050659,0
136,0.9292904074074072,0.875164806842804,0.49871546030044556,2.5013272762298584,0
138,0.9319477912457911,0.8794505596160889,0.5487951040267944,2.0228099822998047,0
140,0.9279541144781147,0.8741025924682617,0.5315825939178467,2.0396769046783447,0
142,0.9275987575757575,0.8964468836784363,0.45622801780700684,2.4906973838806152,0
144,0.9369116531986533,0.9057509303092957,0.42057371139526367,2.648045301437378,1
146,0.9392523030303032,0.9007692337036133,0.4802042841911316,2.3146560192108154,1
148,0.9368110235690235,0.8997802138328552,0.38838934898376465,3.293344259262085,0
150,0.938726569023569,0.9061904549598694,0.37083861231803894,3.30173921585083,0
152,0.9372993602693603,0.9047252535820007,0.4971180558204651,2.187636613845825,0
154,0.9376387912457912,0.9058241844177246,0.40935343503952026,3.0114524364471436,0
156,0.9364950505050504,0.9067765474319458,0.3257477283477783,3.5846807956695557,0
158,0.9406904579124579,0.9092307686805725,0.361029714345932,3.2547080516815186,1
160,0.9387744915824915,0.8947619199752808,0.4306078553199768,2.7553164958953857,0
162,0.9360926127946128,0.9058241844177246,0.3739113211631775,3.731480360031128,0
164,0.9373875151515151,0.8973992466926575,0.3897221088409424,3.464155673980713,0
166,0.9387002356902359,0.8969963192939758,0.4830343723297119,2.3185436725616455,0
168,0.9404101851851853,0.910805881023407,0.3809230625629425,3.0848610401153564,0
170,0.9373118585858585,0.8920879364013672,0.5224980115890503,2.386667013168335,0
172,0.9367983737373737,0.6851648092269897,0.5698794722557068,2.313974142074585,0
174,0.937179255892256,0.8777289390563965,0.6501296758651733,2.063987970352173,0
176,0.9381802828282829,0.9147619009017944,0.3017638325691223,3.991790533065796,0
178,0.9338981851851853,0.9087545871734619,0.296199232339859,4.869504928588867,0
180,0.9382736734006734,0.8939194083213806,0.48416823148727417,2.4284939765930176,0
182,0.935968404040404,0.9069597125053406,0.3527476191520691,3.7093393802642822,0
184,0.9364823097643098,0.9119047522544861,0.30490681529045105,5.084350109100342,0
186,0.9393289999999999,0.9075091481208801,0.3418571949005127,3.1694247722625732,0
188,0.9355948350168352,0.8958607912063599,0.3300870656967163,3.854883909225464,0
190,0.9360686599326599,0.9073992967605591,0.34923821687698364,3.930022716522217,0
192,0.9377088282828283,0.9094505310058594,0.3058086931705475,3.9349803924560547,0
194,0.939339441077441,0.9106959700584412,0.2919510304927826,3.9623637199401855,0
196,0.9381634612794612,0.9095237851142883,0.32256245613098145,3.8255226612091064,0
198,0.9374592592592593,0.9082051515579224,0.3236057460308075,3.979405164718628,0
200,0.9391064040404039,0.8977289199829102,0.36263805627822876,3.0085227489471436,0
202,0.937678494949495,0.9049816727638245,0.38280388712882996,2.6251981258392334,0
204,0.9324993501683502,0.8790476322174072,0.42081019282341003,4.350634574890137,0
206,0.9369525993265992,0.9118314981460571,0.3304544687271118,3.2773258686065674,0
208,0.9407272794612794,0.9075091481208801,0.35553494095802307,2.943934679031372,1
210,0.9386083535353537,0.8983516693115234,0.3897562026977539,2.792755126953125,0
212,0.939667707070707,0.9129670262336731,0.3249381184577942,3.3831846714019775,0
214,0.9373349259259258,0.8883516192436218,0.387057900428772,3.7948856353759766,0
216,0.9356747643097643,0.9072893857955933,0.2895890772342682,5.575039863586426,0
218,0.9429218484848484,0.9138827919960022,0.26974353194236755,4.309617042541504,1
220,0.9397351986531987,0.908608078956604,0.2790486812591553,4.839616298675537,0
222,0.9398623097643097,0.8979487419128418,0.36955559253692627,3.185821056365967,0
224,0.9400282525252525,0.9125640988349915,0.2958492934703827,4.0783233642578125,0
226,0.9404934276094274,0.8913553357124329,0.48024195432662964,3.0420424938201904,0
228,0.9424318417508417,0.9107692241668701,0.26705649495124817,4.9957804679870605,0
230,0.9405939898989899,0.9113919138908386,0.27439290285110474,4.067267417907715,0
232,0.9425560404040405,0.9084249138832092,0.3697851598262787,2.9631941318511963,0
234,0.9428212289562289,0.912051260471344,0.2784852683544159,5.5069403648376465,0
236,0.9406241683501684,0.9165567755699158,0.37756526470184326,2.8036704063415527,0
238,0.9438856936026937,0.9180219769477844,0.2809281051158905,4.48749303817749,1
240,0.9426121683501684,0.9028205275535583,0.5904906988143921,2.828427314758301,0
242,0.9401976734006732,0.9123076796531677,0.31448599696159363,4.5896735191345215,0
244,0.9387742626262627,0.9001098871231079,0.4195830225944519,2.7557902336120605,0
246,0.9424130976430976,0.9180586338043213,0.2926136255264282,4.5008087158203125,0
248,0.9426003063973065,0.9171062111854553,0.3130699396133423,4.198622703552246,0
250,0.9436097508417508,0.9139193892478943,0.28847673535346985,5.050998210906982,0
252,0.9468891010101012,0.8986446857452393,0.4726327061653137,2.8174641132354736,1
254,0.9430792962962963,0.8822710514068604,0.5449259877204895,3.5985701084136963,0
256,0.9465501616161617,0.90992671251297,0.2588067352771759,4.963366985321045,0
258,0.9443833838383837,0.9126740097999573,0.27098098397254944,4.064333438873291,0
260,0.944668936026936,0.9139193892478943,0.24613387882709503,5.3582634925842285,0
262,0.9436571313131313,0.9131501913070679,0.3089301288127899,3.654611825942993,0
264,0.9441562861952864,0.9090110063552856,0.35188454389572144,3.3783085346221924,0
266,0.9417532457912456,0.9165934324264526,0.28640100359916687,4.564497947692871,0
268,0.9474761346801347,0.9186080694198608,0.24420173466205597,5.701072692871094,1
270,0.9422453265993267,0.9023809432983398,0.4111349284648895,3.183027744293213,0
272,0.9425949427609429,0.9166300296783447,0.27616652846336365,3.7666256427764893,0
274,0.9455014478114477,0.9187179207801819,0.28723227977752686,5.4789533615112305,0
276,0.9454044511784512,0.9158974289894104,0.314262330532074,3.5148940086364746,0
278,0.9394135656565656,0.9119047522544861,0.2859114408493042,4.573570251464844,0
280,0.9460530639730639,0.9177655577659607,0.24901387095451355,5.474156856536865,0
282,0.9440636464646465,0.8833333253860474,0.5231752991676331,3.101538896560669,0
284,0.9464366026936026,0.913113534450531,0.31118670105934143,4.12364387512207,0
286,0.942661521885522,0.9009523987770081,0.29413506388664246,5.931124210357666,0
288,0.9476643737373738,0.9156410098075867,0.2815493643283844,4.902369022369385,1
290,0.9473505656565657,0.916373610496521,0.26595935225486755,4.593090534210205,0
292,0.9429374713804715,0.9132234454154968,0.2308652251958847,6.367095947265625,0
294,0.9346141313131315,0.9092307686805725,0.3155825138092041,4.147017002105713,0
296,0.9467574646464647,0.917435884475708,0.25534194707870483,4.4365010261535645,0
298,0.9455989932659932,0.9149816632270813,0.26647499203681946,4.325773239135742,0
300,0.9412988922558922,0.9136263728141785,0.24077118933200836,6.325779914855957,0
302,0.9455970976430976,0.9154945015907288,0.26781609654426575,4.4606146812438965,0
304,0.9476439730639732,0.9160439372062683,0.21728914976119995,8.25670337677002,0
306,0.9464221717171718,0.917435884475708,0.22930948436260223,10.370494842529297,0
308,0.9464847407407408,0.9178022146224976,0.2340322732925415,6.859289169311523,0
310,0.9499300875420874,0.9120146632194519,0.31402352452278137,4.123002052307129,1
312,0.9465451515151515,0.9183516502380371,0.2593361735343933,6.514748573303223,0
314,0.9457349427609428,0.9218681454658508,0.23932147026062012,8.180510520935059,0
316,0.9327513602693603,0.9049816727638245,0.32945555448532104,3.6400134563446045,0
318,0.9374911784511785,0.8765567541122437,0.5248972177505493,3.674919843673706,0
320,0.944413016835017,0.9172161221504211,0.2740524411201477,4.183308124542236,0
322,0.9492376161616163,0.9202197790145874,0.3141211271286011,3.8924198150634766,0
324,0.945911585858586,0.9206593632698059,0.3118624985218048,3.457693338394165,0
326,0.9439053434343436,0.8890842199325562,0.33223825693130493,5.260368347167969,0
328,0.9375884511784511,0.9099633693695068,0.2720204293727875,6.128804683685303,0
330,0.9475144006734006,0.9211721420288086,0.24206408858299255,4.491368770599365,0
332,0.9416649326599328,0.9133699536323547,0.3605390787124634,3.9255526065826416,0
334,0.9396808417508419,0.909853458404541,0.26986536383628845,6.636536598205566,0
336,0.9355814276094275,0.9131501913070679,0.36489540338516235,3.5613365173339844,0
338,0.9407342087542088,0.9182417392730713,0.26658934354782104,8.246603965759277,0
340,0.9421636397306398,0.9232600927352905,0.2227911353111267,6.3224382400512695,0
342,0.9433479191919194,0.9115018248558044,0.3943653404712677,3.5603253841400146,0
344,0.9435217373737373,0.9234798550605774,0.2538783848285675,7.578830242156982,0
346,0.9390439191919191,0.9262637495994568,0.23392722010612488,6.046215534210205,0
348,0.9446026296296295,0.927142858505249,0.286628395318985,7.134328365325928,0
350,0.9424455555555555,0.9263003468513489,0.25652435421943665,8.216845512390137,0
352,0.9435908148148148,0.9172893762588501,0.27462685108184814,4.428530216217041,0
354,0.9435788350168349,0.9266666769981384,0.22697439789772034,6.234434127807617,0
356,0.9424135488215487,0.9290842413902283,0.2549296021461487,4.042515277862549,0
358,0.9318117407407407,0.9073626399040222,0.32494932413101196,3.9186673164367676,0
360,0.9400892996632997,0.9178022146224976,0.31793245673179626,3.951958656311035,0
362,0.9476821414141414,0.9243956208229065,0.2719023525714874,5.728972911834717,0
364,0.9393449057239057,0.8964835405349731,0.3433191776275635,3.7587344646453857,0
366,0.9427554511784513,0.9286080598831177,0.23401670157909393,5.820744514465332,0
368,0.9424206936026938,0.9252014756202698,0.2464340627193451,4.872678756713867,0
370,0.9414033468013467,0.9296703338623047,0.36601606011390686,3.6322669982910156,0
372,0.9417399090909091,0.8709157705307007,0.4403363764286041,4.02297306060791,0
374,0.941439632996633,0.916300356388092,0.2279849350452423,9.089491844177246,0
376,0.9421052895622896,0.9265934228897095,0.2222720831632614,5.586664199829102,0
378,0.9426896363636366,0.9144322276115417,0.32994508743286133,3.5717265605926514,0
380,0.9377815993265994,0.879304051399231,0.36993855237960815,3.6400530338287354,0
382,0.9426387037037037,0.9298900961875916,0.23875820636749268,6.919462203979492,0
384,0.9457253232323232,0.9257875680923462,0.22777768969535828,7.906352519989014,0
386,0.9436084107744108,0.9191209077835083,0.28815412521362305,3.891303777694702,0
388,0.9482095993265994,0.9300000071525574,0.23925644159317017,4.6400065422058105,0
390,0.940291016835017,0.901098906993866,0.3104792535305023,5.023561954498291,0
392,0.943662101010101,0.9282417297363281,0.21372640132904053,6.728964805603027,0
394,0.9433831952861953,0.9252014756202698,0.2608656883239746,4.853732109069824,0
396,0.9408366969696969,0.8968864679336548,0.3059116005897522,4.009078025817871,0
398,0.9440047407407408,0.9016117453575134,0.25610673427581787,4.931443691253662,0
400,0.9435565656565656,0.9267765283584595,0.2870471477508545,5.799183368682861,0
402,0.9450677003367004,0.9211355447769165,0.23343996703624725,5.429806232452393,0
404,0.9487623636363636,0.9289743304252625,0.2388547658920288,4.939034461975098,0
406,0.9441610639730639,0.9231868386268616,0.2548925578594208,6.53161096572876,0
408,0.9448156498316499,0.9227105975151062,0.2713971734046936,4.052285671234131,0
410,0.9422777811447811,0.927216112613678,0.23196621239185333,6.323178768157959,0
412,0.9454482053872054,0.8939560651779175,0.43757784366607666,4.159300804138184,0
414,0.9445474242424242,0.9255311489105225,0.24043573439121246,6.619256019592285,0
416,0.9429671313131314,0.8921611905097961,0.3352436423301697,3.720508575439453,0
418,0.9406700269360269,0.9278754591941833,0.22614356875419617,6.033511161804199,0
420,0.9393295723905724,0.9274358749389648,0.21885772049427032,5.261510372161865,0
422,0.9335032727272727,0.9061904549598694,0.43569067120552063,3.7341971397399902,0
424,0.9405893030303031,0.920622706413269,0.33177486062049866,4.814869403839111,0
426,0.9448656127946129,0.9227839112281799,0.2961775064468384,4.591886043548584,0
428,0.9429984242424242,0.9198168516159058,0.23534169793128967,5.23978328704834,0
430,0.9481283703703703,0.929413914680481,0.22084346413612366,5.382836818695068,0
432,0.9425309764309766,0.9234066009521484,0.22535839676856995,8.575268745422363,0
434,0.9401104612794613,0.9203296899795532,0.24313437938690186,5.090273380279541,0
436,0.9391701380471381,0.9072527289390564,0.29208680987358093,5.045496463775635,0
438,0.9427699595959596,0.9268864393234253,0.2315424531698227,6.858969688415527,0
440,0.9495244511784512,0.926080584526062,0.22628827393054962,5.589900970458984,0
